,alpha,K = 2,K = 3,K = 4,K = 5
0,0.1,1.808399482885475,0.4701772245753959,0.20964624752264102,0.1155194029706417
1,0.5,1.2223308671131747,0.31102021376745453,0.1305832940804645,0.05640769935160529
2,1.0,0.8460841928854917,0.20690166339972835,0.08121646369288958,0.03342411041373148
3,5.0,0.28004684225951476,0.07062939827051411,0.03476499754954427,0.02181570335393447
4,10.0,0.24260621125974896,0.06678994481178618,0.038359480242830944,0.024058781007636785
5,50.0,0.25601500851841563,0.08189237573006838,0.04949634675035408,0.027713897012005582
6,100.0,0.26633396628184464,0.0855850405208929,0.05238124728053283,0.028277581111069865
